{
  "best_params": {
    "model__max_depth": null,
    "model__min_samples_split": 5,
    "model__n_estimators": 200
  },
  "r2_score": 0.7925769011559726,
  "mae": 1889.2068082438598
}