{
  "r2_original": 0.6569464767696789,
  "r2_optimized": 0.6880100903607369,
  "mae_optimized": 2916.8134554626017,
  "mejora": 0.031063613591058026
}